,Fluid 1,Fluid 2,betaT,gammaT,betaV,gammaV,Stated Source
,CarbonDioxide,Hydrogen,0.94232,1.7829,0.90414,"
1.1528"," 
O. Kunz and W. Wagner GERG-2008 Model"
,Hydrogen,n-Heptane,1,3.1691,1,1.1591," 
O. Kunz and W. Wagner GERG-2008 Model"
,Hydrogen,CarbonMonoxide,1,1.3775,1,1.1214," 
O. Kunz and W. Wagner GERG-2008 Model"
,Hydrogen,Methane,1,1.3526,"
1.0000","
1.0187"," 
O. Kunz and W. Wagner GERG-2008 Model"
,Hydrogen,Ethane,1.0718,1.902,1.0807,1.1061," 
O. Kunz and W. Wagner GERG-2008 Model"
,Hydrogen,Propane,1,2.3082,1,1.074," 
O. Kunz and W. Wagner GERG-2008 Model"
,Hydrogen,Argon,1,1,1,1," 
O. Kunz and W. Wagner GERG-2008 Model"
,Hydrogen,Helium,1,1,1,1," 
O. Kunz and W. Wagner GERG-2008 Model"
,Hydrogen,IsoButane,1,1.8953,1,1.1476," 
O. Kunz and W. Wagner GERG-2008 Model"
,Hydrogen,Nitrogen,1.0569,1.1757,1.0282,9.7012," 
O. Kunz and W. Wagner GERG-2008 Model"
,Hydrogen,Water,1,1,1,1," 
O. Kunz and W. Wagner GERG-2008 Model"
,Hydrogen,Oxygen,1,1,1,1," 
O. Kunz and W. Wagner GERG-2008 Model"
,Hydrogen,HydrogenSulfide,1,1,1,1," 
O. Kunz and W. Wagner GERG-2008 Model"
,Hydrogen,Isopentane,1,1.9964,1,1.1843," 
O. Kunz and W. Wagner GERG-2008 Model"
,n-Butane,Hydrogen,1,2.5093,1,1.2329," 
O. Kunz and W. Wagner GERG-2008 Model"
,n-Decane,Hydrogen,1.0648,3.786,1.6954,1.1202," 
O. Kunz and W. Wagner GERG-2008 Model"
,n-Hexane,Hydrogen,1,3.0212,1,1.2435," 
O. Kunz and W. Wagner GERG-2008 Model"
,n-Nonane,Hydrogen,1,2.2344,1,1.3426," 
O. Kunz and W. Wagner GERG-2008 Model"
,n-Octane,Hydrogen,1,2.1916,1,1.3052," 
O. Kunz and W. Wagner GERG-2008 Model"
,n-Pentane,Hydrogen,1,2.0139,1,1.1883," 
O. Kunz and W. Wagner GERG-2008 Model"
,HYDROGEN,NEON,1.0012,8.3639,1,1,Bell and Lemmon Automatic Fitting
,HYDROGEN,D2,1.0087,9.9511,1,1,Bell and Lemmon Automatic Fitting
,,,,,,,
,,,,,,,
,,,,,,,
,,,,,,,
,,,,,,,
,,,,,,,
" 
O. Kunz and W. Wagner GERG-2008 Model",https://pubs.acs.org/doi/10.1021/je300655b,,,,,,
Bell and Lemmon,https://pubs.acs.org/doi/10.1021/acs.jced.6b00257,,,,,,
,,,,,,,
,,,,,,,
,,,,,,,
,,,,,,,
,,,,,,,
,,,,,,,
,,,,,,,
,,,,,,,
,,,,,,,
,,,,,,,
,,,,,,,
,,,,,,,
,,,,,,,
,,,,,,,
,,,,,,,
,,,,,,,
,,,,,,,
,,,,,,,
,,,,,,,
,,,,,,,
,,,,,,,
,,,,,,,
,,,,,,,
,,,,,,,
,,,,,,,
,,,,,,,
,,,,,,,
,,,,,,,
,,,,,,,
,,,,,,,
,,,,,,,
,,,,,,,
,,,,,,,
,,,,,,,
,,,,,,,
,,,,,,,
,,,,,,,
,,,,,,,
,,,,,,,
,,,,,,,
,,,,,,,
,,,,,,,
,,,,,,,
,,,,,,,
,,,,,,,
,,,,,,,
,,,,,,,
,,,,,,,
,,,,,,,
,,,,,,,
,,,,,,,
,,,,,,,
,,,,,,,
,,,,,,,
,,,,,,,
,,,,,,,
,,,,,,,
,,,,,,,
,,,,,,,
,,,,,,,
,,,,,,,
,,,,,,,
,,,,,,,
,,,,,,,
,,,,,,,
,,,,,,,
,,,,,,,
,,,,,,,
,,,,,,,
,,,,,,,
,,,,,,,
,,,,,,,
,,,,,,,
,,,,,,,
,,,,,,,
,,,,,,,
,,,,,,,
,,,,,,,
,,,,,,,
,,,,,,,
,,,,,,,
,,,,,,,
,,,,,,,
,,,,,,,
,,,,,,,
,,,,,,,
,,,,,,,
,,,,,,,
,,,,,,,
,,,,,,,
,,,,,,,
,,,,,,,
,,,,,,,
,,,,,,,
,,,,,,,
,,,,,,,
,,,,,,,
,,,,,,,
,,,,,,,
,,,,,,,
,,,,,,,
,,,,,,,
,,,,,,,
,,,,,,,
,,,,,,,
,,,,,,,
,,,,,,,
,,,,,,,
,,,,,,,
,,,,,,,
,,,,,,,
,,,,,,,
,,,,,,,
,,,,,,,
,,,,,,,
,,,,,,,
,,,,,,,
,,,,,,,
,,,,,,,
,,,,,,,
,,,,,,,
,,,,,,,
,,,,,,,
,,,,,,,
,,,,,,,
,,,,,,,
,,,,,,,
,,,,,,,
,,,,,,,
,,,,,,,
,,,,,,,
,,,,,,,
,,,,,,,
,,,,,,,
,,,,,,,
,,,,,,,
,,,,,,,
,,,,,,,
,,,,,,,
,,,,,,,
,,,,,,,
,,,,,,,
,,,,,,,
,,,,,,,
,,,,,,,
,,,,,,,
,,,,,,,
,,,,,,,
,,,,,,,
,,,,,,,
,,,,,,,
,,,,,,,
,,,,,,,
,,,,,,,
,,,,,,,
,,,,,,,
,,,,,,,
,,,,,,,
,,,,,,,
,,,,,,,
,,,,,,,
,,,,,,,
,,,,,,,
,,,,,,,
,,,,,,,
,,,,,,,
,,,,,,,
,,,,,,,
,,,,,,,
,,,,,,,
,,,,,,,
,,,,,,,
,,,,,,,
,,,,,,,
,,,,,,,
,,,,,,,
,,,,,,,
,,,,,,,
,,,,,,,
,,,,,,,
,,,,,,,
,,,,,,,
,,,,,,,
,,,,,,,
,,,,,,,
,,,,,,,
,,,,,,,
,,,,,,,
,,,,,,,
,,,,,,,
,,,,,,,
,,,,,,,
,,,,,,,
,,,,,,,
,,,,,,,
,,,,,,,
,,,,,,,
,,,,,,,
,,,,,,,
,,,,,,,
,,,,,,,
,,,,,,,
,,,,,,,
,,,,,,,
,,,,,,,
,,,,,,,
,,,,,,,
,,,,,,,
,,,,,,,
,,,,,,,
,,,,,,,
,,,,,,,
,,,,,,,
,,,,,,,
,,,,,,,
,,,,,,,
,,,,,,,
,,,,,,,
,,,,,,,
,,,,,,,
,,,,,,,
,,,,,,,
,,,,,,,
,,,,,,,
,,,,,,,
,,,,,,,
,,,,,,,
,,,,,,,
,,,,,,,
,,,,,,,
,,,,,,,
,,,,,,,
,,,,,,,
,,,,,,,
,,,,,,,
,,,,,,,
,,,,,,,
,,,,,,,
,,,,,,,
,,,,,,,
,,,,,,,
,,,,,,,
,,,,,,,
,,,,,,,
,,,,,,,
,,,,,,,
,,,,,,,
,,,,,,,
,,,,,,,
,,,,,,,
,,,,,,,
,,,,,,,
,,,,,,,
,,,,,,,
,,,,,,,
,,,,,,,
,,,,,,,
,,,,,,,
,,,,,,,
,,,,,,,
,,,,,,,
,,,,,,,
,,,,,,,
,,,,,,,
,,,,,,,
,,,,,,,
,,,,,,,
,,,,,,,
,,,,,,,
,,,,,,,
,,,,,,,
,,,,,,,
,,,,,,,
,,,,,,,
,,,,,,,
,,,,,,,
,,,,,,,
,,,,,,,
,,,,,,,
,,,,,,,
,,,,,,,
,,,,,,,
,,,,,,,
,,,,,,,
,,,,,,,
,,,,,,,
,,,,,,,
,,,,,,,
,,,,,,,
,,,,,,,
,,,,,,,
,,,,,,,
,,,,,,,
,,,,,,,
,,,,,,,
,,,,,,,
,,,,,,,
,,,,,,,
,,,,,,,
,,,,,,,
,,,,,,,
,,,,,,,
,,,,,,,
,,,,,,,
,,,,,,,
,,,,,,,
,,,,,,,
,,,,,,,
,,,,,,,
,,,,,,,
,,,,,,,
,,,,,,,
,,,,,,,
,,,,,,,
,,,,,,,
,,,,,,,
,,,,,,,
,,,,,,,
,,,,,,,
,,,,,,,
,,,,,,,
,,,,,,,
,,,,,,,
,,,,,,,
,,,,,,,
,,,,,,,
,,,,,,,
,,,,,,,
,,,,,,,
,,,,,,,
,,,,,,,
,,,,,,,
,,,,,,,
,,,,,,,
,,,,,,,
,,,,,,,
,,,,,,,
,,,,,,,
,,,,,,,
,,,,,,,
,,,,,,,
,,,,,,,
,,,,,,,
,,,,,,,
,,,,,,,
,,,,,,,
,,,,,,,
,,,,,,,
,,,,,,,
,,,,,,,
,,,,,,,
,,,,,,,
,,,,,,,
,,,,,,,
,,,,,,,
,,,,,,,
,,,,,,,
,,,,,,,
,,,,,,,
,,,,,,,
,,,,,,,
,,,,,,,
,,,,,,,
,,,,,,,
,,,,,,,
,,,,,,,
,,,,,,,
,,,,,,,
,,,,,,,
,,,,,,,
,,,,,,,
,,,,,,,
,,,,,,,
,,,,,,,
,,,,,,,
,,,,,,,
,,,,,,,
,,,,,,,
,,,,,,,
,,,,,,,
,,,,,,,
,,,,,,,
,,,,,,,
,,,,,,,
,,,,,,,
,,,,,,,
,,,,,,,
,,,,,,,
,,,,,,,
,,,,,,,
,,,,,,,
,,,,,,,
,,,,,,,
,,,,,,,
,,,,,,,
,,,,,,,
,,,,,,,
,,,,,,,
,,,,,,,
,,,,,,,
,,,,,,,
,,,,,,,
,,,,,,,
,,,,,,,
,,,,,,,
,,,,,,,
,,,,,,,
,,,,,,,
,,,,,,,
,,,,,,,
,,,,,,,
,,,,,,,
,,,,,,,
,,,,,,,
,,,,,,,
,,,,,,,
,,,,,,,
,,,,,,,
,,,,,,,
,,,,,,,
,,,,,,,
,,,,,,,
,,,,,,,
,,,,,,,
,,,,,,,
,,,,,,,
,,,,,,,
,,,,,,,
,,,,,,,
,,,,,,,
,,,,,,,
,,,,,,,
,,,,,,,
,,,,,,,
[159],IBUTENE,R143A,,0,,"1.0022e+00 
1.0000e+00","9.4375e-01 
1.0000e+00"
[159],IBUTENE,R227EA,,0,,"1.0130e+00 
1.0000e+00","9.2836e-01 
1.0000e+00"
[159],IBUTENE,ETHANOL,,0,,"1.0249e+00 
1.0000e+00","9.6241e-01 
1.0000e+00"
[159],IBUTENE,ACETONE,,0,,"1.0140e+00 
1.0000e+00","9.5994e-01 
1.0000e+00"
[159],IBUTENE,R40,,0,,"1.0005e+00 
1.0000e+00","9.7922e-01 
1.0000e+00"
[159],IBUTENE,PROPANE,,0,,"1.0073e+00 
1.0000e+00","9.9305e-01 
1.0000e+00"
[159],IBUTENE,SO2,,0,,"9.8640e-01 
1.0000e+00","9.4224e-01 
1.0000e+00"
[159],IBUTENE,ISOBUTAN,,0,,"1.0002e+00 
1.0000e+00","9.9644e-01 
1.0000e+00"
[159],IBUTENE,R152A,,0,,"1.0008e+00 
1.0000e+00","9.3949e-01 
1.0000e+00"
[159],IHEXANE,HEXANE,,0,,"1.0005e+00 
1.0000e+00","9.9860e-01 
1.0000e+00"
[159],IHEXANE,HEPTANE,,0,,"9.9903e-01 
1.0000e+00","1.0047e+00 
1.0000e+00"
[159],IHEXANE,ETHANOL,,0,,"1.0146e+00 
1.0000e+00","9.0538e-01 
1.0000e+00"
[159],IHEXANE,METHANOL,,0,,"1.0069e+00 
1.0000e+00","8.8008e-01 
1.0000e+00"
[159],IHEXANE,BENZENE,,0,,"9.9361e-01 
1.0000e+00","9.7119e-01 
1.0000e+00"
[159],IHEXANE,PROPANE,,0,,"1.0011e+00 
1.0000e+00","1.0350e+00 
1.0000e+00"
[159],IOCTANE,ETHANOL,,0,,"1.0196e+00 
1.0000e+00","8.9163e-01 
1.0000e+00"
[159],IOCTANE,ACETONE,,0,,"9.9551e-01 
1.0000e+00","9.3534e-01 
1.0000e+00"
[159],IOCTANE,BENZENE,,0,,"9.9146e-01 
1.0000e+00","9.6998e-01 
1.0000e+00"
[159],IOCTANE,ETHANE,,0,,"1.1067e+00 
1.0000e+00","1.2288e+00 
1.0000e+00"
[159],IOCTANE,NITROGEN,,0,,"1.0090e+00 
1.0000e+00","1.5545e+00 
1.0000e+00"
[159],IOCTANE,H2S,,0,,"9.7756e-01 
1.0000e+00","1.0102e+00 
1.0000e+00"
[159],IOCTANE,OXYLENE,,0,,"9.9859e-01 
1.0000e+00","9.8905e-01 
1.0000e+00"
[159],ISOBUTAN,R152A,,0,,"9.9318e-01 
1.0000e+00","9.1845e-01 
1.0000e+00"
[159],ISOBUTAN,R23,,0,,"9.7853e-01 
1.0000e+00","8.9794e-01 
1.0000e+00"
[159],ISOBUTAN,R13,,0,,"9.9553e-01 
1.0000e+00","9.8045e-01 
1.0000e+00"
[159],ISOBUTAN,R1234YF,,0,,"1.0073e+00 
1.0000e+00","9.3536e-01 
1.0000e+00"
[159],ISOBUTAN,R134A,,0,,"1.0014e+00 
1.0000e+00","8.9668e-01 
1.0000e+00"
[159],KRYPTON,ARGON,,0,,"9.9980e-01 
1.0000e+00","1.0046e+00 
1.0000e+00"
[159],KRYPTON,AMMONIA,,0,,"1.0118e+00 
1.0000e+00","9.2419e-01 
1.0000e+00"
[159],KRYPTON,OXYGEN,,0,,"9.9555e-01 
1.0000e+00","9.8848e-01 
1.0000e+00"
[159],MDM,D4,,0,,"9.9826e-01 
1.0000e+00","9.9969e-01 
1.0000e+00"
[159],METHANE,ETHYLENE,,0,,"1.0065e+00 
1.0000e+00","1.0233e+00 
1.0000e+00"
[159],METHANE,KRYPTON,,0,,"1.0004e+00 
1.0000e+00","9.9368e-01 
1.0000e+00"
[159],METHANE,SO2,,0,,"1.0369e+00 
1.0000e+00","1.0708e+00 
1.0000e+00"
[159],METHANOL,ACETONE,,0,,"1.0009e+00 
1.0000e+00","9.7135e-01 
1.0000e+00"
[159],METHANOL,BENZENE,,0,,"9.7703e-01 
1.0000e+00","9.0254e-01 
1.0000e+00"
[159],METHANOL,XENON,,0,,"9.3558e-01 
1.0000e+00","7.7335e-01 
1.0000e+00"
[159],METHANOL,SO2,,0,,"9.7373e-01 
1.0000e+00","1.0239e+00 
1.0000e+00"
[159],METHANOL,R32,,0,,"9.9300e-01 
1.0000e+00","1.0117e+00 
1.0000e+00"
[159],METHANOL,R152A,,0,,"1.0115e+00 
1.0000e+00","9.8828e-01 
1.0000e+00"
[159],METHANOL,R21,,0,,"1.0318e+00 
1.0000e+00","9.1282e-01 
1.0000e+00"
[159],METHANOL,R22,,0,,"1.0026e+00 
1.0000e+00","1.0375e+00 
1.0000e+00"
[159],METHANOL,HCL,,0,,"1.1103e+00 
1.0000e+00","1.6505e+00 
1.0000e+00"
[159],METHANOL,WATER,,0,,"9.9676e-01 
1.0000e+00","9.6774e-01 
1.0000e+00"
[159],METHANOL,OXYGEN,,0,,"1.0755e+00 
1.0000e+00","1.5018e+00 
1.0000e+00"
[159],METHANOL,R134A,,0,,"1.0078e+00 
1.0000e+00","9.8889e-01 
1.0000e+00"
[159],MM,TOLUENE,,0,,"9.9910e-01 
1.0000e+00","9.7446e-01 
1.0000e+00"
[159],MM,HEXANE,,0,,"1.0050e+00 
1.0000e+00","1.0070e+00 
1.0000e+00"
[159],MM,ETHANOL,,0,,"1.0050e+00 
1.0000e+00","9.1176e-01 
1.0000e+00"
[159],MM,METHANOL,,0,,"9.7448e-01 
1.0000e+00","9.0636e-01 
1.0000e+00"
[159],MPALMITA,MLINOLEA,,0,,"1.0026e+00 
1.0000e+00","9.9543e-01 
1.0000e+00"
[159],MPALMITA,PROPANE,,0,,"1.0851e+00 
1.0000e+00","1.2133e+00 
1.0000e+00"
[159],MSTEARAT,MOLEATE,,0,,"1.0012e+00 
1.0000e+00","9.9836e-01 
1.0000e+00"
[159],MSTEARAT,CO2,,0,,"1.1093e+00 
1.0000e+00","1.4526e+00 
1.0000e+00"
[159],MXYLENE,TOLUENE,,0,,"9.9650e-01 
1.0000e+00","9.9601e-01 
1.0000e+00"
[159],MXYLENE,HEXANE,,0,,"9.8709e-01 
1.0000e+00","9.9672e-01 
1.0000e+00"
[159],MXYLENE,CYCLOHEX,,0,,"9.9686e-01 
1.0000e+00","9.9328e-01 
1.0000e+00"
[159],MXYLENE,OCTANE,,0,,"1.0003e+00 
1.0000e+00","9.9296e-01 
1.0000e+00"
[159],MXYLENE,NONANE,,0,,"1.0023e+00 
1.0000e+00","9.8031e-01 
1.0000e+00"
[159],MXYLENE,C11,,0,,"9.9910e-01 
1.0000e+00","1.0020e+00 
1.0000e+00"
[159],MXYLENE,PROPYLEN,,0,,"1.0066e+00 
1.0000e+00","1.0981e+00 
1.0000e+00"
[159],MXYLENE,DECANE,,0,,"9.9965e-01 
1.0000e+00","9.9369e-01 
1.0000e+00"
[159],MXYLENE,HEPTANE,,0,,"1.0015e+00 
1.0000e+00","9.8960e-01 
1.0000e+00"
[159],MXYLENE,IOCTANE,,0,,"1.0037e+00 
1.0000e+00","1.0016e+00 
1.0000e+00"
[159],MXYLENE,CO,,0,,"1.0159e+00 
1.0000e+00","1.5975e+00 
1.0000e+00"
[159],MXYLENE,METHANOL,,0,,"1.0026e+00 
1.0000e+00","8.8973e-01 
1.0000e+00"
[159],MXYLENE,BENZENE,,0,,"1.0010e+00 
1.0000e+00","1.0046e+00 
1.0000e+00"
[159],MXYLENE,ETHANE,,0,,"1.0122e+00 
1.0000e+00","1.1762e+00 
1.0000e+00"
[159],MXYLENE,PROPANE,,0,,"1.0035e+00 
1.0000e+00","1.0836e+00 
1.0000e+00"
[159],MXYLENE,AMMONIA,,0,,"9.5923e-01 
1.0000e+00","9.5719e-01 
1.0000e+00"
[159],MXYLENE,H2S,,0,,"1.0284e+00 
1.0000e+00","1.1058e+00 
1.0000e+00"
[159],MXYLENE,OXYLENE,,0,,"1.0007e+00 
1.0000e+00","9.9997e-01 
1.0000e+00"
[159],N2O,C12,,0,,"9.6576e-01 
1.0000e+00","1.2736e+00 
1.0000e+00"
[159],N2O,R125,,0,,"9.7626e-01 
1.0000e+00","7.7302e-01 
1.0000e+00"
[159],N2O,METHANE,,0,,"1.0114e+00 
1.0000e+00","1.0235e+00 
1.0000e+00"
[159],NEON,D2,,0,,"1.0113e+00 
1.0000e+00","8.3393e-01 
1.0000e+00"
[159],NEOPENTN,METHANE,,0,,"1.0147e+00 
1.0000e+00","1.2251e+00 
1.0000e+00"
[159],NEOPENTN,PROPANE,,0,,"1.0203e+00 
1.0000e+00","1.0591e+00 
1.0000e+00"
[159],NEOPENTN,ARGON,,0,,"9.9981e-01 
1.0000e+00","1.2871e+00 
1.0000e+00"
[159],NEOPENTN,H2S,,0,,"9.7515e-01 
1.0000e+00","9.3089e-01 
1.0000e+00"
[159],NITROGEN,D2,,0,,"9.8463e-01 
1.0000e+00","1.2290e+00 
1.0000e+00"
[159],NONANE,PROPYLEN,,0,,"1.0160e+00 
1.0000e+00","1.1170e+00 
1.0000e+00"
[159],NONANE,DMC,,0,,"9.7926e-01 
1.0000e+00","9.3384e-01 
1.0000e+00"
[159],NONANE,ETHANOL,,0,,"9.9198e-01 
1.0000e+00","8.9624e-01 
1.0000e+00"
[159],NONANE,ACETONE,,0,,"9.8564e-01 
1.0000e+00","9.4280e-01 
1.0000e+00"
[159],NONANE,BENZENE,,0,,"9.9513e-01 
1.0000e+00","9.7411e-01 
1.0000e+00"
[159],NONANE,ETHYLENE,,0,,"1.0337e+00 
1.0000e+00","1.2605e+00 
1.0000e+00"
[159],NONANE,OXYLENE,,0,,"9.9710e-01 
1.0000e+00","9.8501e-01 
1.0000e+00"
[159],OCTANE,C12,,0,,"9.9834e-01 
1.0000e+00","1.0217e+00 
1.0000e+00"
[159],OCTANE,IBUTENE,,0,,"1.0071e+00 
1.0000e+00","1.0535e+00 
1.0000e+00"
[159],OCTANE,IOCTANE,,0,,"9.9871e-01 
1.0000e+00","1.0041e+00 
1.0000e+00"
[159],OCTANE,DMC,,0,,"9.8679e-01 
1.0000e+00","9.2726e-01 
1.0000e+00"
[159],OCTANE,ETHANOL,,0,,"1.0091e+00 
1.0000e+00","8.9471e-01 
1.0000e+00"
[159],OCTANE,BENZENE,,0,,"9.9210e-01 
1.0000e+00","9.8037e-01 
1.0000e+00"
[159],OCTANE,ETHYLENE,,0,,"1.0318e+00 
1.0000e+00","1.2181e+00 
1.0000e+00"
[159],OCTANE,R12,,0,,"9.9653e-01 
1.0000e+00","1.0608e+00 
1.0000e+00"
[159],OCTANE,AMMONIA,,0,,"9.5849e-01 
1.0000e+00","6.2644e-01 
1.0000e+00"
[159],OCTANE,OXYLENE,,0,,"9.9933e-01 
1.0000e+00","9.9245e-01 
1.0000e+00"
[159],PENTANE,CYCLOHEX,,0,,"9.9950e-01 
1.0000e+00","9.9588e-01 
1.0000e+00"
[159],PENTANE,DME,,0,,"9.6552e-01 
1.0000e+00","9.9489e-01 
1.0000e+00"
[159],PENTANE,R141B,,0,,"1.0027e+00 
1.0000e+00","9.7700e-01 
1.0000e+00"
[159],PENTANE,SF6,,0,,"9.7466e-01 
1.0000e+00","9.2912e-01 
1.0000e+00"
[159],PENTANE,R1234ZE,,0,,"9.8894e-01 
1.0000e+00","9.3824e-01 
1.0000e+00"
[159],PENTANE,RE347MCC,,0,,"1.0098e+00 
1.0000e+00","9.2810e-01 
1.0000e+00"
[159],PENTANE,R245FA,,0,,"1.0069e+00 
1.0000e+00","8.9534e-01 
1.0000e+00"
[159],PENTANE,NEOPENTN,,0,,"9.9950e-01 
1.0000e+00","1.0024e+00 
1.0000e+00"
[159],PENTANE,ACETONE,,0,,"1.0055e+00 
1.0000e+00","9.2363e-01 
1.0000e+00"
[159],PENTANE,C5F12,,0,,"1.0277e+00 
1.0000e+00","8.9140e-01 
1.0000e+00"
[159],PENTANE,BENZENE,,0,,"9.9813e-01 
1.0000e+00","9.7605e-01 
1.0000e+00"
[159],PENTANE,R152A,,0,,"9.8932e-01 
1.0000e+00","9.2023e-01 
1.0000e+00"
[159],PENTANE,R22,,0,,"9.8621e-01 
1.0000e+00","9.6034e-01 
1.0000e+00"
[159],PENTANE,R23,,0,,"9.6622e-01 
1.0000e+00","9.4007e-01 
1.0000e+00"
[159],PENTANE,NOVEC649,,0,,"1.0342e+00 
1.0000e+00","9.0539e-01 
1.0000e+00"
[159],PENTANE,R114,,0,,"9.9646e-01 
1.0000e+00","9.7011e-01 
1.0000e+00"
[159],PENTANE,AMMONIA,,0,,"9.1115e-01 
1.0000e+00","8.4450e-01 
1.0000e+00"
[159],PROPANE,XENON,,0,,"1.0049e+00 
1.0000e+00","1.0413e+00 
1.0000e+00"
[159],PROPANE,SO2,,0,,"9.9024e-01 
1.0000e+00","8.7281e-01 
1.0000e+00"
[159],PROPANE,R32,,0,,"1.0007e+00 
1.0000e+00","8.6421e-01 
1.0000e+00"
[159],PROPANE,CYCLOPRO,,0,,"1.0024e+00 
1.0000e+00","9.8041e-01 
1.0000e+00"
[159],PROPANE,R152A,,0,,"1.0122e+00 
1.0000e+00","9.2009e-01 
1.0000e+00"
[159],PROPANE,R23,,0,,"9.8814e-01 
1.0000e+00","8.7585e-01 
1.0000e+00"
[159],PROPANE,R113,,0,,"1.0047e+00 
1.0000e+00","1.0145e+00 
1.0000e+00"
[159],PROPANE,R114,,0,,"1.0033e+00 
1.0000e+00","9.8055e-01 
1.0000e+00"
[159],PROPANE,R116,,0,,"1.0166e+00 
1.0000e+00","8.9173e-01 
1.0000e+00"
[159],PROPANE,HCL,,0,,"9.7902e-01 
1.0000e+00","9.1760e-01 
1.0000e+00"
[159],PROPANE,AMMONIA,,0,,"9.6020e-01 
1.0000e+00","7.9017e-01 
1.0000e+00"
[159],PROPANE,R134A,,0,,"1.0115e+00 
1.0000e+00","8.9674e-01 
1.0000e+00"
[159],PROPYLEN,DME,,0,,"1.0027e+00 
1.0000e+00","9.8909e-01 
1.0000e+00"
[159],PROPYLEN,R1216,,0,,"1.0190e+00 
1.0000e+00","9.3686e-01 
1.0000e+00"
[159],PROPYLEN,DECANE,,0,,"9.5720e-01 
1.0000e+00","1.1910e+00 
1.0000e+00"
[159],PROPYLEN,CO2,,0,,"9.8798e-01 
1.0000e+00","9.3465e-01 
1.0000e+00"
[159],PROPYLEN,HEPTANE,,0,,"1.0089e+00 
1.0000e+00","1.0626e+00 
1.0000e+00"
[159],PROPYLEN,R125,,0,,"1.0073e+00 
1.0000e+00","9.2944e-01 
1.0000e+00"
[159],PROPYLEN,IOCTANE,,0,,"9.6453e-01 
1.0000e+00","1.1139e+00 
1.0000e+00"
[159],PROPYLEN,ACETONE,,0,,"1.0199e+00 
1.0000e+00","9.9014e-01 
1.0000e+00"
[159],PROPYLEN,BENZENE,,0,,"1.0027e+00 
1.0000e+00","1.0288e+00 
1.0000e+00"
[159],PROPYLEN,METHANE,,0,,"1.0044e+00 
1.0000e+00","1.1175e+00 
1.0000e+00"
[159],PROPYLEN,ETHANE,,0,,"1.0007e+00 
1.0000e+00","1.0056e+00 
1.0000e+00"
[159],PROPYLEN,ETHYLENE,,0,,"9.9793e-01 
1.0000e+00","1.0155e+00 
1.0000e+00"
[159],PROPYLEN,PROPANE,,0,,"1.0002e+00 
1.0000e+00","9.9350e-01 
1.0000e+00"
[159],PROPYLEN,KRYPTON,,0,,"1.0029e+00 
1.0000e+00","1.0875e+00 
1.0000e+00"
[159],PROPYLEN,XENON,,0,,"9.9031e-01 
1.0000e+00","1.0122e+00 
1.0000e+00"
[159],PROPYLEN,R32,,0,,"9.9634e-01 
1.0000e+00","9.0627e-01 
1.0000e+00"
[159],PROPYLEN,ISOBUTAN,,0,,"9.7074e-01 
1.0000e+00","1.0126e+00 
1.0000e+00"
[159],PROPYLEN,R152A,,0,,"1.0118e+00 
1.0000e+00","9.4791e-01 
1.0000e+00"
[159],PROPYLEN,R22,,0,,"1.0010e+00 
1.0000e+00","9.7836e-01 
1.0000e+00"
[159],PROPYLEN,R23,,0,,"9.9184e-01 
1.0000e+00","9.1810e-01 
1.0000e+00"
[159],PROPYLEN,R142B,,0,,"1.0065e+00 
1.0000e+00","9.9250e-01 
1.0000e+00"
[159],PROPYLEN,R12,,0,,"1.0027e+00 
1.0000e+00","9.8830e-01 
1.0000e+00"
[159],PROPYLEN,R13,,0,,"9.9688e-01 
1.0000e+00","9.5923e-01 
1.0000e+00"
[159],PROPYLEN,R114,,0,,"1.0124e+00 
1.0000e+00","9.7683e-01 
1.0000e+00"
[159],PROPYLEN,R115,,0,,"1.0149e+00 
1.0000e+00","9.4167e-01 
1.0000e+00"
[159],PROPYLEN,R116,,0,,"1.0140e+00 
1.0000e+00","8.7937e-01 
1.0000e+00"
[159],PROPYLEN,AMMONIA,,0,,"9.7530e-01 
1.0000e+00","8.4826e-01 
1.0000e+00"
[159],PROPYLEN,R134A,,0,,"1.0136e+00 
1.0000e+00","9.3494e-01 
1.0000e+00"
[159],PROPYNE,AMMONIA,,0,,"9.9309e-01 
1.0000e+00","9.4154e-01 
1.0000e+00"
[159],PXYLENE,C1CC6,,0,,"9.9867e-01 
1.0000e+00","9.9463e-01 
1.0000e+00"
[159],PXYLENE,TOLUENE,,0,,"9.9915e-01 
1.0000e+00","9.9999e-01 
1.0000e+00"
[159],PXYLENE,HEXANE,,0,,"9.9929e-01 
1.0000e+00","9.9711e-01 
1.0000e+00"
[159],PXYLENE,CYCLOHEX,,0,,"9.9816e-01 
1.0000e+00","9.9198e-01 
1.0000e+00"
[159],PXYLENE,OCTANE,,0,,"1.0021e+00 
1.0000e+00","9.8651e-01 
1.0000e+00"
[159],PXYLENE,NONANE,,0,,"9.9939e-01 
1.0000e+00","9.9387e-01 
1.0000e+00"
[159],PXYLENE,C11,,0,,"1.0002e+00 
1.0000e+00","1.0018e+00 
1.0000e+00"
[159],PXYLENE,PROPYLEN,,0,,"1.0093e+00 
1.0000e+00","1.0943e+00 
1.0000e+00"
[159],PXYLENE,DECANE,,0,,"1.0010e+00 
1.0000e+00","9.9262e-01 
1.0000e+00"
[159],PXYLENE,CO2,,0,,"9.9661e-01 
1.0000e+00","1.1043e+00 
1.0000e+00"
[159],PXYLENE,HEPTANE,,0,,"1.0006e+00 
1.0000e+00","9.8957e-01 
1.0000e+00"
[159],PXYLENE,IOCTANE,,0,,"1.0007e+00 
1.0000e+00","9.9104e-01 
1.0000e+00"
[159],PXYLENE,CO,,0,,"1.0185e+00 
1.0000e+00","1.6215e+00 
1.0000e+00"
[159],PXYLENE,ETHANOL,,0,,"1.0224e+00 
1.0000e+00","9.0590e-01 
1.0000e+00"
[159],PXYLENE,ACETONE,,0,,"9.9930e-01 
1.0000e+00","9.7520e-01 
1.0000e+00"
[159],PXYLENE,BENZENE,,0,,"9.9888e-01 
1.0000e+00","1.0064e+00 
1.0000e+00"
[159],PXYLENE,NITROGEN,,0,,"1.0053e+00 
1.0000e+00","1.6346e+00 
1.0000e+00"
[159],R11,R12,,0,,"1.0073e+00 
1.0000e+00","1.0010e+00 
1.0000e+00"
[159],R11,R13,,0,,"9.9697e-01 
1.0000e+00","1.0142e+00 
1.0000e+00"
[159],R113,R114,,0,,"9.9859e-01 
1.0000e+00","1.0048e+00 
1.0000e+00"
[159],R116,R134A,,0,,"1.0128e+00 
1.0000e+00","9.3618e-01 
1.0000e+00"
[159],R12,R13,,0,,"9.9071e-01 
1.0000e+00","9.7345e-01 
1.0000e+00"
[159],R12,R114,,0,,"9.9836e-01 
1.0000e+00","9.9126e-01 
1.0000e+00"
[159],R12,R134A,,0,,"1.0075e+00 
1.0000e+00","9.4100e-01 
1.0000e+00"
[159],R1216,CO2,,0,,"9.8341e-01 
1.0000e+00","9.8477e-01 
1.0000e+00"
[159],R1216,R123,,0,,"1.0049e+00 
1.0000e+00","9.7467e-01 
1.0000e+00"
[159],R1216,ETHANE,,0,,"9.8856e-01 
1.0000e+00","9.3961e-01 
1.0000e+00"
[159],R1216,ETHYLENE,,0,,"9.8170e-01 
1.0000e+00","9.9653e-01 
1.0000e+00"
[159],R1216,PROPANE,,0,,"9.8801e-01 
1.0000e+00","9.2233e-01 
1.0000e+00"
[159],R1216,R22,,0,,"9.9593e-01 
1.0000e+00","9.6186e-01 
1.0000e+00"
[159],R1216,R12,,0,,"1.0004e+00 
1.0000e+00","9.7942e-01 
1.0000e+00"
[159],R123,R32,,0,,"9.8824e-01 
1.0000e+00","9.8194e-01 
1.0000e+00"
[159],R123,R22,,0,,"9.9482e-01 
1.0000e+00","1.0128e+00 
1.0000e+00"
[159],R123,WATER,,0,,"1.1000e+00 
1.0000e+00","9.5847e-01 
1.0000e+00"
[159],R123,R134A,,0,,"9.9393e-01 
1.0000e+00","9.8277e-01 
1.0000e+00"
[159],R1234YF,R134A,,0,,"9.9972e-01 
1.0000e+00","9.8643e-01 
1.0000e+00"
[159],R1234ZE,PROPANE,,0,,"9.8682e-01 
1.0000e+00","9.3387e-01 
1.0000e+00"
[159],R1234ZE,ISOBUTAN,,0,,"9.9412e-01 
1.0000e+00","9.2820e-01 
1.0000e+00"
[159],R1234ZE,R152A,,0,,"9.9902e-01 
1.0000e+00","9.9579e-01 
1.0000e+00"
[159],R124,R142B,,0,,"9.9802e-01 
1.0000e+00","1.0032e+00 
1.0000e+00"
[159],R124,R134A,,0,,"9.9881e-01 
1.0000e+00","9.8961e-01 
1.0000e+00"
[159],R125,RE143A,,0,,"1.0010e+00 
1.0000e+00","1.0052e+00 
1.0000e+00"
[159],R125,R236EA,,0,,"9.9947e-01 
1.0000e+00","1.0105e+00 
1.0000e+00"
[159],R125,R227EA,,0,,"1.0010e+00 
1.0000e+00","1.0030e+00 
1.0000e+00"
[159],R125,R245FA,,0,,"9.9836e-01 
1.0000e+00","1.0132e+00 
1.0000e+00"
[159],R125,ETHANOL,,0,,"9.9540e-01 
1.0000e+00","1.0504e+00 
1.0000e+00"
[159],R125,R236FA,,0,,"9.9960e-01 
1.0000e+00","1.0103e+00 
1.0000e+00"
[159],R125,PROPANE,,0,,"9.9125e-01 
1.0000e+00","8.9892e-01 
1.0000e+00"
[159],R125,CYCLOPRO,,0,,"9.8501e-01 
1.0000e+00","9.1039e-01 
1.0000e+00"
[159],R125,ISOBUTAN,,0,,"1.0116e+00 
1.0000e+00","9.0644e-01 
1.0000e+00"
[159],R125,R152A,,0,,"9.9429e-01 
1.0000e+00","1.0028e+00 
1.0000e+00"
[159],R125,R23,,0,,"9.9685e-01 
1.0000e+00","1.0031e+00 
1.0000e+00"
[159],R125,R1234YF,,0,,"1.0009e+00 
1.0000e+00","9.9876e-01 
1.0000e+00"
[159],R125,R115,,0,,"1.0003e+00 
1.0000e+00","9.6147e-01 
1.0000e+00"
[159],R125,AMMONIA,,0,,"9.5650e-01 
1.0000e+00","9.6866e-01 
1.0000e+00"
[159],R13,R14,,0,,"9.9884e-01 
1.0000e+00","9.9334e-01 
1.0000e+00"
[159],R13,R113,,0,,"1.0006e+00 
1.0000e+00","1.0503e+00 
1.0000e+00"
[159],R13,AMMONIA,,0,,"9.6284e-01 
1.0000e+00","7.6464e-01 
1.0000e+00"
[159],R13,NITROGEN,,0,,"1.0254e+00 
1.0000e+00","1.2407e+00 
1.0000e+00"
[159],R14,NITROGEN,,0,,"1.0309e+00 
1.0000e+00","1.1099e+00 
1.0000e+00"
[159],R141B,R134A,,0,,"9.9289e-01 
1.0000e+00","9.6823e-01 
1.0000e+00"
[159],R142B,R12,,0,,"9.8821e-01 
1.0000e+00","9.7650e-01 
1.0000e+00"
[159],R142B,R113,,0,,"1.0034e+00 
1.0000e+00","9.8837e-01 
1.0000e+00"
[159],R142B,HCL,,0,,"9.9179e-01 
1.0000e+00","1.0022e+00 
1.0000e+00"
[159],R142B,R134A,,0,,"9.9824e-01 
1.0000e+00","9.8544e-01 
1.0000e+00"
[159],R143A,R236FA,,0,,"9.9911e-01 
1.0000e+00","1.0183e+00 
1.0000e+00"
[159],R143A,PROPANE,,0,,"9.9023e-01 
1.0000e+00","9.1581e-01 
1.0000e+00"
[159],R143A,R32,,0,,"9.9734e-01 
1.0000e+00","9.7488e-01 
1.0000e+00"
[159],R143A,ISOBUTAN,,0,,"9.9953e-01 
1.0000e+00","9.1950e-01 
1.0000e+00"
[159],R143A,R152A,,0,,"9.9955e-01 
1.0000e+00","9.9038e-01 
1.0000e+00"
[159],R143A,R23,,0,,"9.9197e-01 
1.0000e+00","1.0038e+00 
1.0000e+00"
[159],R143A,R12,,0,,"1.0143e+00 
1.0000e+00","9.5199e-01 
1.0000e+00"
[159],R143A,R1234YF,,0,,"9.9976e-01 
1.0000e+00","9.9523e-01 
1.0000e+00"
[159],R143A,R116,,0,,"9.9007e-01 
1.0000e+00","9.3499e-01 
1.0000e+00"
[159],R152A,R22,,0,,"1.0024e+00 
1.0000e+00","1.0117e+00 
1.0000e+00"
[159],R152A,R23,,0,,"1.0004e+00 
1.0000e+00","1.0238e+00 
1.0000e+00"
[159],R152A,R12,,0,,"9.8159e-01 
1.0000e+00","9.4387e-01 
1.0000e+00"
[159],R152A,R1234YF,,0,,"1.0037e+00 
1.0000e+00","9.8112e-01 
1.0000e+00"
[159],R152A,R113,,0,,"1.0121e+00 
1.0000e+00","9.5473e-01 
1.0000e+00"
[159],R161,R125,,0,,"9.8968e-01 
1.0000e+00","9.9311e-01 
1.0000e+00"
[159],R161,R143A,,0,,"1.0007e+00 
1.0000e+00","9.9556e-01 
1.0000e+00"
[159],R161,R227EA,,0,,"1.0097e+00 
1.0000e+00","1.0246e+00 
1.0000e+00"
[159],R161,R32,,0,,"1.0024e+00 
1.0000e+00","9.8909e-01 
1.0000e+00"
[159],R161,R1234YF,,0,,"1.0022e+00 
1.0000e+00","9.8828e-01 
1.0000e+00"
[159],R161,R134A,,0,,"9.9899e-01 
1.0000e+00","1.0062e+00 
1.0000e+00"
[159],R218,R134A,,0,,"1.0012e+00 
1.0000e+00","9.2280e-01 
1.0000e+00"
[159],R22,R23,,0,,"9.9569e-01 
1.0000e+00","9.8752e-01 
1.0000e+00"
[159],R22,R142B,,0,,"9.9572e-01 
1.0000e+00","1.0065e+00 
1.0000e+00"
[159],R22,R11,,0,,"1.0004e+00 
1.0000e+00","9.7759e-01 
1.0000e+00"
[159],R22,R12,,0,,"1.0035e+00 
1.0000e+00","9.6477e-01 
1.0000e+00"
[159],R22,R113,,0,,"1.0118e+00 
1.0000e+00","9.9757e-01 
1.0000e+00"
[159],R22,R114,,0,,"9.9701e-01 
1.0000e+00","9.6580e-01 
1.0000e+00"
[159],R22,R115,,0,,"9.8598e-01 
1.0000e+00","9.4989e-01 
1.0000e+00"
[159],R22,R116,,0,,"1.0033e+00 
1.0000e+00","9.1302e-01 
1.0000e+00"
[159],R22,R218,,0,,"1.0176e+00 
1.0000e+00","9.1598e-01 
1.0000e+00"
[159],R22,R134A,,0,,"1.0003e+00 
1.0000e+00","9.9196e-01 
1.0000e+00"
[159],R227EA,PROPANE,,0,,"9.7919e-01 
1.0000e+00","9.1449e-01 
1.0000e+00"
[159],R227EA,R32,,0,,"9.8611e-01 
1.0000e+00","9.7064e-01 
1.0000e+00"
[159],R227EA,ISOBUTAN,,0,,"9.8691e-01 
1.0000e+00","9.0916e-01 
1.0000e+00"
[159],R227EA,R152A,,0,,"9.9128e-01 
1.0000e+00","9.9527e-01 
1.0000e+00"
[159],R227EA,R23,,0,,"9.8860e-01 
1.0000e+00","1.0021e+00 
1.0000e+00"
[159],R227EA,R1234YF,,0,,"1.0006e+00 
1.0000e+00","9.9916e-01 
1.0000e+00"
[159],R227EA,NITROGEN,,0,,"1.0295e+00 
1.0000e+00","1.4095e+00 
1.0000e+00"
[159],R227EA,R134A,,0,,"9.9865e-01 
1.0000e+00","9.8915e-01 
1.0000e+00"
[159],R23,R11,,0,,"1.0215e+00 
1.0000e+00","9.4638e-01 
1.0000e+00"
[159],R23,R12,,0,,"1.0080e+00 
1.0000e+00","9.3086e-01 
1.0000e+00"
[159],R23,R13,,0,,"9.9767e-01 
1.0000e+00","9.3027e-01 
1.0000e+00"
[159],R23,R14,,0,,"9.8355e-01 
1.0000e+00","9.4295e-01 
1.0000e+00"
[159],R23,R113,,0,,"1.0296e+00 
1.0000e+00","9.8801e-01 
1.0000e+00"
[159],R23,R114,,0,,"1.0242e+00 
1.0000e+00","9.6230e-01 
1.0000e+00"
[159],R23,R116,,0,,"1.0031e+00 
1.0000e+00","9.1114e-01 
1.0000e+00"
[159],R23,IPENTANE,,0,,"1.0293e+00 
1.0000e+00","9.3001e-01 
1.0000e+00"
[159],R23,R134A,,0,,"9.9755e-01 
1.0000e+00","1.0219e+00 
1.0000e+00"
[159],R236EA,PROPANE,,0,,"9.7816e-01 
1.0000e+00","9.2015e-01 
1.0000e+00"
[159],R236EA,R32,,0,,"9.9812e-01 
1.0000e+00","1.0116e+00 
1.0000e+00"
[159],R236FA,PROPANE,,0,,"9.7844e-01 
1.0000e+00","9.1493e-01 
1.0000e+00"
[159],R236FA,R32,,0,,"9.9365e-01 
1.0000e+00","9.9661e-01 
1.0000e+00"
[159],R236FA,R134A,,0,,"1.0004e+00 
1.0000e+00","1.0020e+00 
1.0000e+00"
[159],R245FA,PROPANE,,0,,"9.7923e-01 
1.0000e+00","9.2286e-01 
1.0000e+00"
[159],R245FA,ISOBUTAN,,0,,"9.8661e-01 
1.0000e+00","9.0803e-01 
1.0000e+00"
[159],R245FA,IPENTANE,,0,,"1.0118e+00 
1.0000e+00","9.0433e-01 
1.0000e+00"
[159],R32,ISOBUTAN,,0,,"1.0241e+00 
1.0000e+00","8.6238e-01 
1.0000e+00"
[159],R32,R152A,,0,,"1.0003e+00 
1.0000e+00","9.9709e-01 
1.0000e+00"
[159],R32,R23,,0,,"9.9884e-01 
1.0000e+00","1.0038e+00 
1.0000e+00"
[159],R32,R142B,,0,,"1.0121e+00 
1.0000e+00","9.7510e-01 
1.0000e+00"
[159],R32,HCL,,0,,"9.9749e-01 
1.0000e+00","9.9760e-01 
1.0000e+00"
[159],R365MFC,IPENTANE,,0,,"9.8683e-01 
1.0000e+00","9.2380e-01 
1.0000e+00"
[159],R40,XENON,,0,,"9.6464e-01 
1.0000e+00","1.0349e+00 
1.0000e+00"
[159],R40,HCL,,0,,"1.0157e+00 
1.0000e+00","1.0826e+00 
1.0000e+00"
[159],R41,R40,,0,,"1.0048e+00 
1.0000e+00","9.9810e-01 
1.0000e+00"
[159],R41,XENON,,0,,"9.7753e-01 
1.0000e+00","9.1395e-01 
1.0000e+00"
[159],R41,HCL,,0,,"1.0129e+00 
1.0000e+00","1.1090e+00 
1.0000e+00"
[159],RC318,R1216,,0,,"9.9614e-01 
1.0000e+00","1.0043e+00 
1.0000e+00"
[159],RC318,PROPANE,,0,,"9.7678e-01 
1.0000e+00","9.2320e-01 
1.0000e+00"
[159],RC318,R22,,0,,"9.4996e-01 
1.0000e+00","9.6966e-01 
1.0000e+00"
[159],RC318,R12,,0,,"9.9775e-01 
1.0000e+00","9.6907e-01 
1.0000e+00"
[159],RC318,R218,,0,,"9.9615e-01 
1.0000e+00","1.0425e+00 
1.0000e+00"
[159],RE143A,R134A,,0,,"1.0004e+00 
1.0000e+00","9.9594e-01 
1.0000e+00"
[159],RE347MCC,NOVEC649,,0,,"1.0129e+00 
1.0000e+00","9.7915e-01 
1.0000e+00"
[159],SF6,XENON,,0,,"9.6469e-01 
1.0000e+00","9.2846e-01 
1.0000e+00"
[159],SF6,R32,,0,,"1.0017e+00 
1.0000e+00","8.6502e-01 
1.0000e+00"
[159],SF6,R23,,0,,"1.0056e+00 
1.0000e+00","9.1843e-01 
1.0000e+00"
[159],SF6,R113,,0,,"9.2964e-01 
1.0000e+00","1.0696e+00 
1.0000e+00"
[159],SO2,R32,,0,,"9.9763e-01 
1.0000e+00","9.9968e-01 
1.0000e+00"
[159],SO2,HCL,,0,,"1.0058e+00 
1.0000e+00","1.0514e+00 
1.0000e+00"
[159],SO2,OXYGEN,,0,,"1.0159e+00 
1.0000e+00","1.1808e+00 
1.0000e+00"
[159],T2BUTENE,ETHANOL,,0,,"1.0265e+00 
1.0000e+00","9.5288e-01 
1.0000e+00"
[159],T2BUTENE,METHANOL,,0,,"1.0216e+00 
1.0000e+00","9.0748e-01 
1.0000e+00"
[159],T2BUTENE,ACETONE,,0,,"1.0152e+00 
1.0000e+00","9.5011e-01 
1.0000e+00"
[159],TOLUENE,PENTANE,,0,,"9.9948e-01 
1.0000e+00","9.9282e-01 
1.0000e+00"
[159],TOLUENE,HEXANE,,0,,"1.0012e+00 
1.0000e+00","9.8316e-01 
1.0000e+00"
[159],TOLUENE,CYCLOHEX,,0,,"9.9824e-01 
1.0000e+00","9.8779e-01 
1.0000e+00"
[159],TOLUENE,OCTANE,,0,,"1.0034e+00 
1.0000e+00","9.8036e-01 
1.0000e+00"
[159],TOLUENE,NONANE,,0,,"1.0056e+00 
1.0000e+00","9.8072e-01 
1.0000e+00"
[159],TOLUENE,C12,,0,,"1.0049e+00 
1.0000e+00","1.0173e+00 
1.0000e+00"
[159],TOLUENE,DECANE,,0,,"1.0072e+00 
1.0000e+00","9.9245e-01 
1.0000e+00"
[159],TOLUENE,CO2,,0,,"9.9501e-01 
1.0000e+00","1.0668e+00 
1.0000e+00"
[159],TOLUENE,HEPTANE,,0,,"1.0032e+00 
1.0000e+00","9.8136e-01 
1.0000e+00"
[159],TOLUENE,IOCTANE,,0,,"1.0050e+00 
1.0000e+00","9.7790e-01 
1.0000e+00"
[159],TOLUENE,R41,,0,,"1.0252e+00 
1.0000e+00","1.0971e+00 
1.0000e+00"
[159],TOLUENE,ETHANOL,,0,,"1.0194e+00 
1.0000e+00","9.0682e-01 
1.0000e+00"
[159],TOLUENE,METHANOL,,0,,"1.0183e+00 
1.0000e+00","8.9100e-01 
1.0000e+00"
[159],TOLUENE,ACETONE,,0,,"1.0015e+00 
1.0000e+00","9.7643e-01 
1.0000e+00"
[159],TOLUENE,BENZENE,,0,,"9.9985e-01 
1.0000e+00","1.0018e+00 
1.0000e+00"
[159],TOLUENE,ETHANE,,0,,"1.0046e+00 
1.0000e+00","1.1276e+00 
1.0000e+00"
[159],TOLUENE,PROPANE,,0,,"9.9427e-01 
1.0000e+00","1.0428e+00 
1.0000e+00"
[159],TOLUENE,SO2,,0,,"9.8880e-01 
1.0000e+00","1.0211e+00 
1.0000e+00"
[159],TOLUENE,R32,,0,,"9.8427e-01 
1.0000e+00","9.8173e-01 
1.0000e+00"
[159],TOLUENE,R23,,0,,"1.0319e+00 
1.0000e+00","1.0705e+00 
1.0000e+00"
[159],TOLUENE,R14,,0,,"1.0866e+00 
1.0000e+00","1.1883e+00 
1.0000e+00"
[159],TOLUENE,H2S,,0,,"1.0175e+00 
1.0000e+00","1.0833e+00 
1.0000e+00"
[159],TOLUENE,IPENTANE,,0,,"9.8988e-01 
1.0000e+00","9.9749e-01 
1.0000e+00"
[159],TOLUENE,OXYLENE,,0,,"1.0017e+00 
1.0000e+00","1.0021e+00 
1.0000e+00"
[159],WATER,D2O,,0,,"1.0042e+00 
1.0000e+00","1.0038e+00 
1.0000e+00"
[159],XENON,CYCLOPRO,,0,,"9.3427e-01 
1.0000e+00","9.4711e-01 
1.0000e+00"
[159],XENON,HCL,,0,,"1.0177e+00 
1.0000e+00","9.0579e-01 
1.0000e+00"
[160],R245fa,R134a,Methane-Ethane,0.107754,,"1.0000e+00 
1.0080e+00","1.0064e+00 
1.0000e+00"
[161],R1234ze(E),R32,Methane-Propane,-0.265419,,"9.9658e-01 
9.9417e-01","9.7786e-01 
9.8271e-01"
[161],R32,R1234yf,Methane-CarbonDioxide,-0.277708,,"1.0005e+00 
9.9335e-01","9.4854e-01 
1.0221e+00"
